{"train_loss": [0.1950469792507589, 0.13581545869745315, 0.11898776550255716, 0.10124987916443497, 0.08977138010384515, 0.08086392569495365, 0.07206794990012422, 0.06630345865553244, 0.06280362263214774, 0.05510009675232577], "train_acc": [92.3475, 94.845, 95.56, 96.20125, 96.61625, 96.99875, 97.4025, 97.5125, 97.66375, 97.8775], "val_loss": [0.11931922611892223, 0.1105138564735651, 0.09081314507946373, 0.08237599650099874, 0.0754686684384942, 0.08386394990608097, 0.06842308710739016, 0.08134633844979107, 0.06676174021922052, 0.05821881916616112], "val_acc": [95.745, 96.025, 96.405, 96.945, 97.235, 96.81, 97.6, 96.98, 97.56, 97.885]}