{"train_loss": [0.37471946311171356, 0.3201739022974776, 0.29080584825065936, 0.2717323522926249, 0.2590846059336523, 0.24189549877939973, 0.232855815113517, 0.21901313538307246, 0.20557163993553879, 0.15145504457613887], "train_acc": [83.81714285714285, 86.81714285714285, 88.30285714285715, 89.34285714285714, 89.59428571428572, 90.56571428571428, 91.0, 91.58285714285714, 92.16, 94.30857142857143], "val_loss": [0.2957520116815123, 0.29090191152388767, 0.28542217416530946, 0.29215602343112734, 0.30015260025353757, 0.26611643631832077, 0.2874325898365449, 0.2845695143155122, 0.28469044743579325, 0.297374745894034], "val_acc": [88.72, 89.17333333333333, 89.44, 88.88, 88.45333333333333, 89.70666666666666, 88.82666666666667, 90.13333333333334, 88.77333333333333, 90.50666666666666]}